City_ID,City,Country,Lat,Lng,Max Temp,Humidity,Cloudiness,Wind Speed,Current Description
0,General Luna,PH,13.6881,122.1708,75.56,90,87,2.15,overcast clouds
1,Souillac,MU,-20.5167,57.5167,80.98,74,75,4.61,broken clouds
2,Longyearbyen,SJ,78.2186,15.6401,12.04,67,40,13.8,scattered clouds
3,Cape Town,ZA,-33.9258,18.4232,78.12,46,0,29.93,clear sky
4,Berezovka,BY,53.7214,25.4993,32.43,97,100,17.2,light snow
5,Cheney,US,47.4874,-117.5758,23.63,95,100,9.22,mist
6,Hilo,US,19.7297,-155.09,67.12,75,0,6.91,clear sky
7,Hobart,AU,-42.8794,147.3294,64.11,83,100,11.5,light intensity drizzle
8,Tazovskiy,RU,67.4667,78.7,3.07,95,99,10.54,overcast clouds
9,Amapa,BR,1.0,-52.0,78.15,80,100,3.74,overcast clouds
10,Grindavik,IS,63.8424,-22.4338,34.27,64,75,34.52,broken clouds
11,Nynashamn,SE,58.9034,17.9479,34.14,60,1,18.01,clear sky
12,Bengkulu,ID,-3.8004,102.2655,78.21,81,81,3.47,broken clouds
13,Hermanus,ZA,-34.4187,19.2345,77.9,61,3,13.58,clear sky
14,Atuona,PF,-9.8,-139.0333,77.16,76,3,14.88,clear sky
15,Lensk,RU,60.7253,114.9278,-9.87,98,54,6.53,broken clouds
16,Pevek,RU,69.7008,170.3133,-19.05,98,100,3.02,overcast clouds
17,Mataura,NZ,-46.1927,168.8643,49.48,88,67,1.99,broken clouds
18,Yellowknife,CA,62.456,-114.3525,0.41,94,100,12.66,light snow
19,San Patricio,US,28.017,-97.5169,48.88,70,100,17.56,overcast clouds
20,Half Moon Bay,US,37.4636,-122.4286,54.59,68,0,0.0,clear sky
21,Saint-Philippe,RE,-21.3585,55.7679,80.19,80,56,10.2,broken clouds
22,Maloy,NO,61.9353,5.1136,39.06,92,100,8.01,light rain
23,Busselton,AU,-33.65,115.3333,68.04,65,0,16.04,clear sky
24,Taoudenni,ML,22.6783,-3.9836,83.61,10,90,13.73,overcast clouds
25,Tacuarembo,UY,-31.7333,-55.9833,78.76,34,0,9.69,clear sky
26,Nantucket,US,41.2835,-70.0995,37.15,71,100,10.25,overcast clouds
27,Ahuimanu,US,21.4447,-157.8378,66.78,90,40,0.0,scattered clouds
28,Ushuaia,AR,-54.8,-68.3,55.06,71,75,4.61,broken clouds
29,Meulaboh,ID,4.1363,96.1285,80.46,79,62,3.47,broken clouds
30,Puerto Ayora,EC,-0.7393,-90.3518,82.36,72,98,4.56,overcast clouds
31,Avera,US,33.194,-82.5271,40.91,47,100,0.58,overcast clouds
32,Port Blair,IN,11.6667,92.75,80.1,75,78,11.34,broken clouds
33,Nanortalik,GL,60.1432,-45.2371,17.85,73,66,4.85,broken clouds
34,Jamestown,US,42.097,-79.2353,24.12,51,100,9.22,mist
35,Arraial Do Cabo,BR,-22.9661,-42.0278,85.96,74,75,8.05,broken clouds
36,Punta Arenas,CL,-53.15,-70.9167,62.62,76,0,6.91,clear sky
37,Fortuna,US,40.5982,-124.1573,38.32,93,0,12.66,clear sky
38,Faanui,PF,-16.4833,-151.75,81.07,74,8,16.4,light rain
39,Rikitea,PF,-23.1203,-134.9692,77.38,77,100,17.09,light rain
40,Katsuura,JP,35.1333,140.3,43.2,60,83,10.74,broken clouds
41,Barrow,US,71.2906,-156.7887,-18.38,69,0,12.66,clear sky
42,Muisne,EC,0.6,-80.0333,82.51,84,100,0.67,light rain
43,Avarua,CK,-21.2078,-159.775,78.85,89,20,8.05,few clouds
44,Acapulco,MX,16.8634,-99.8901,75.02,73,40,4.61,scattered clouds
45,Ostrovnoy,RU,68.0531,39.5131,8.08,96,93,8.37,overcast clouds
46,Udachnyy,RU,66.4167,112.4,-24.77,100,28,2.15,scattered clouds
47,Nongan,CN,44.382,125.1685,5.41,89,6,6.58,clear sky
48,Castro,BR,-24.7911,-50.0119,64.31,98,100,5.75,overcast clouds
49,Olafsvik,IS,64.8945,-23.7142,31.1,90,100,15.59,light snow
50,Kaeo,NZ,-35.1,173.7833,65.32,78,38,10.94,scattered clouds
51,Port Alfred,ZA,-33.5906,26.891,73.11,71,26,21.47,scattered clouds
52,Esperance,AU,-33.8667,121.9,65.55,74,0,16.89,clear sky
53,Mooresville,US,35.5849,-80.8101,40.01,63,88,3.13,overcast clouds
54,Tondano,ID,1.3038,124.9112,69.89,96,72,2.55,broken clouds
55,Fort Saint James,CA,54.4333,-124.25,10.4,98,99,2.53,overcast clouds
56,Dikson,RU,73.5069,80.5464,6.84,92,100,19.93,overcast clouds
57,Rockhampton,AU,-23.3833,150.5,73.29,88,100,4.61,overcast clouds
58,Butaritari,KI,3.0707,172.7902,81.93,79,19,17.69,few clouds
59,Dergachi,RU,51.2328,48.7659,17.55,96,100,4.27,light snow
60,Xushan,CN,30.1764,121.2457,40.96,98,100,7.38,overcast clouds
61,Itigi,TZ,-5.7,34.4833,71.91,74,77,4.59,light rain
62,Jiehu,CN,35.5428,118.455,32.52,38,100,1.77,overcast clouds
63,Ponta Delgada,PT,37.7333,-25.6667,61.5,72,40,14.97,scattered clouds
64,Isangel,VU,-19.55,169.2667,77.23,92,100,12.64,moderate rain
65,Salamanca,ES,40.8333,-6.0,55.18,33,0,12.95,clear sky
66,Hithadhoo,MV,-0.6,73.0833,81.25,62,79,7.67,broken clouds
67,Ribeira Grande,PT,38.5167,-28.7,63.0,51,40,10.36,scattered clouds
68,Torbay,CA,47.6666,-52.7314,25.39,82,40,14.97,light snow
69,Urumqi,CN,43.801,87.6005,-4.85,84,75,2.24,mist
70,Caucaia,BR,-3.7361,-38.6531,78.08,90,100,19.57,overcast clouds
71,Bredasdorp,ZA,-34.5322,20.0403,73.27,49,12,12.66,few clouds
72,Lethem,GY,3.3803,-59.7968,89.33,42,6,11.63,clear sky
73,East London,ZA,-33.0153,27.9116,76.14,57,0,17.27,clear sky
74,Kalulushi,ZM,-12.8378,28.0919,70.02,91,95,6.35,moderate rain
75,Bethel,US,41.3712,-73.414,32.58,64,100,4.61,overcast clouds
76,Thompson,CA,55.7435,-97.8558,-23.64,76,20,0.0,few clouds
77,Kaitangata,NZ,-46.2817,169.8464,48.94,95,38,3.8,scattered clouds
78,Baragua,CU,21.6967,-78.6328,80.06,50,0,3.09,moderate rain
79,Margate,GB,51.3813,1.3862,49.96,70,100,3.0,overcast clouds
80,Albany,US,42.6001,-73.9662,30.61,62,100,2.28,overcast clouds
81,Chokurdakh,RU,70.6333,147.9167,-30.48,94,30,5.95,scattered clouds
82,Khoy,IR,38.5504,44.9535,20.08,88,12,5.1,few clouds
83,Provideniya,RU,64.3833,-173.3,-2.16,98,32,2.91,scattered clouds
84,Carnarvon,AU,-24.8667,113.6333,75.27,83,0,5.75,clear sky
85,Bouar,CF,5.934,15.596,88.54,13,17,9.78,few clouds
86,Cidreira,BR,-30.1811,-50.2056,73.96,58,88,12.19,overcast clouds
87,Saint George,US,37.1041,-113.5841,39.67,51,0,0.0,clear sky
88,Khatanga,RU,71.9667,102.5,1.44,86,100,6.6,overcast clouds
89,Abha,SA,18.2164,42.5053,60.62,67,20,10.36,few clouds
90,Williams Lake,CA,52.1415,-122.1445,26.17,63,75,10.36,broken clouds
91,Kyabe,TD,9.4515,18.9449,93.79,11,6,7.74,clear sky
92,Georgetown,MY,5.4112,100.3354,83.95,81,20,2.3,few clouds
93,Kodiak,US,57.79,-152.4072,29.71,86,100,13.8,light snow
94,Richards Bay,ZA,-28.783,32.0377,80.89,81,66,15.61,light rain
95,Nichinan,JP,31.6,131.3667,44.76,70,78,5.59,broken clouds
96,Norman Wells,CA,65.282,-126.8329,-3.96,77,100,9.22,light snow
97,Tuktoyaktuk,CA,69.4541,-133.0374,-22.0,76,0,12.66,clear sky
98,Dong Hoi,VN,17.4833,106.6,70.66,94,67,6.93,broken clouds
99,Shingu,JP,33.7333,135.9833,39.81,82,70,6.33,broken clouds
100,Bonthe,SL,7.5264,-12.505,87.37,56,47,14.85,scattered clouds
101,Multan,PK,30.1956,71.4753,60.69,63,2,0.0,smoke
102,Qaanaaq,GL,77.484,-69.3632,-7.89,68,93,8.93,overcast clouds
103,Clyde River,CA,70.4692,-68.5914,-14.57,84,100,20.71,light snow
104,Bluff,NZ,-46.6,168.3333,49.8,79,85,3.85,overcast clouds
105,Turan,VN,16.0678,108.2208,75.25,83,40,3.44,scattered clouds
106,Polican,AL,40.6122,20.0981,44.08,79,40,2.93,scattered clouds
107,Keetmanshoop,NA,-26.5833,18.1333,89.51,27,63,9.35,broken clouds
108,Port Elizabeth,ZA,-33.918,25.5701,76.1,68,75,18.41,broken clouds
109,Beya,RU,53.0533,90.9139,-2.56,95,43,4.12,scattered clouds
110,Talnakh,RU,69.4865,88.3972,4.21,83,100,14.7,overcast clouds
111,Tongling,CN,30.95,117.7833,34.07,100,100,6.82,snow
112,San Borja,BO,-14.8167,-66.85,70.61,99,100,4.9,light rain
113,Kathmandu,NP,27.7167,85.3167,44.82,87,20,4.61,few clouds
114,Chuy,UY,-33.6971,-53.4616,72.9,53,45,9.62,scattered clouds
115,Muros,ES,42.7762,-9.0603,64.09,35,0,4.34,clear sky
116,Zyryanka,RU,65.75,150.85,-16.33,95,100,7.36,overcast clouds
117,Cabo San Lucas,MX,22.8909,-109.9124,67.51,66,40,3.44,scattered clouds
118,Port Lincoln,AU,-34.7333,135.8667,65.93,85,13,16.62,few clouds
119,Palmerston,AU,-12.486,130.9833,80.58,94,100,4.61,light intensity shower rain
120,Sao Felix Do Xingu,BR,-6.6447,-51.995,77.07,88,97,3.06,overcast clouds
121,Conceicao Do Mato Dentro,BR,-19.0372,-43.425,83.25,57,92,3.36,overcast clouds
122,Vaini,TO,-21.2,-175.2,82.18,80,95,20.31,overcast clouds
123,Palana,RU,59.1167,159.9667,27.41,78,99,23.4,overcast clouds
124,Salalah,OM,17.0151,54.0924,75.29,69,0,5.75,clear sky
125,Caravelas,BR,-17.7125,-39.2481,87.13,55,30,9.04,scattered clouds
126,Jand,PK,33.4299,72.0193,52.0,35,0,0.67,clear sky
127,Kapaa,US,22.0752,-159.319,64.38,100,0,5.75,clear sky
128,Saskylakh,RU,71.9167,114.0833,-1.7,89,100,7.0,overcast clouds
129,Ca Mau,VN,9.1769,105.15,75.27,81,48,3.96,scattered clouds
130,Leon,MX,21.1167,-101.6667,57.25,44,3,2.33,clear sky
131,College,US,64.8569,-147.8028,6.75,67,100,12.66,light snow
132,Praia Da Vitoria,PT,38.7333,-27.0667,62.85,77,20,12.01,few clouds
133,Yar-Sale,RU,66.8333,70.8333,-12.08,100,84,3.8,broken clouds
134,New Norfolk,AU,-42.7826,147.0587,63.75,71,98,1.32,overcast clouds
135,Rognan,NO,67.0953,15.3878,32.14,82,100,2.57,snow
136,Thinadhoo,MV,0.5333,72.9333,81.05,59,22,7.29,few clouds
137,Mahebourg,MU,-20.4081,57.7,80.89,74,75,4.61,broken clouds
138,Loandjili,CG,-4.7561,11.8578,82.62,67,91,11.21,overcast clouds
139,Kavieng,PG,-2.5744,150.7967,82.51,76,36,9.15,light rain
140,Nabire,ID,-3.3667,135.4833,77.43,90,100,2.33,overcast clouds
141,Ancud,CL,-41.8697,-73.8203,67.53,66,0,7.27,clear sky
142,Ingleside,US,27.8778,-97.2117,50.23,91,100,1.99,drizzle
143,Bucerias,MX,20.75,-105.3333,67.98,88,75,4.61,broken clouds
144,Tucumcari,US,35.1717,-103.725,25.95,86,0,5.75,clear sky
145,Pundaguitan,PH,6.3711,126.1689,81.1,79,98,10.63,overcast clouds
146,Cap Malheureux,MU,-19.9842,57.6142,81.09,67,0,5.99,clear sky
147,Yaring,TH,6.8662,101.3689,77.34,82,26,8.08,scattered clouds
148,Coruripe,BR,-10.1256,-36.1756,87.42,56,100,13.15,overcast clouds
149,Cockburn Town,TC,21.4612,-71.1419,77.85,70,17,8.52,few clouds
150,Kayerkan,RU,69.3497,87.7602,3.52,84,100,18.77,overcast clouds
151,Mar Del Plata,AR,-38.0023,-57.5575,73.42,59,0,3.0,clear sky
152,Berbera,SO,10.4396,45.0143,76.98,61,64,7.47,broken clouds
153,Komsomolskiy,UZ,40.4272,71.7189,35.02,51,99,4.61,overcast clouds
154,Ziro,IN,27.6333,93.8333,31.64,92,6,1.95,clear sky
155,Pisco,PE,-13.7,-76.2167,70.02,83,0,11.5,clear sky
156,Basco,PH,20.4487,121.9702,78.53,85,100,22.91,overcast clouds
157,Jacareacanga,BR,-6.2222,-57.7528,75.04,95,100,1.99,light rain
158,Sorland,NO,67.667,12.6934,30.27,51,20,3.44,few clouds
159,Hofn,IS,64.2539,-15.2082,37.42,44,20,11.5,few clouds
160,Maceio,BR,-9.6658,-35.7353,90.84,55,75,6.91,light rain
161,Mokrous,RU,51.2333,47.5167,12.42,99,96,1.95,light snow
162,Kirensk,RU,57.7853,108.1119,-16.62,100,89,1.05,overcast clouds
163,Glace Bay,CA,46.1969,-59.957,28.98,80,100,4.0,overcast clouds
164,Nikolskoye,RU,59.7035,30.7861,28.4,97,100,5.68,snow
165,Sitka,US,57.0531,-135.33,44.49,76,100,19.57,light rain
166,Saint Anthony,US,45.0205,-93.218,0.82,78,0,0.0,clear sky
167,Koumra,TD,8.9126,17.5539,94.95,10,6,6.87,clear sky
168,Yurimaguas,PE,-5.9,-76.0833,84.36,74,40,3.44,scattered clouds
169,Kijang,KR,35.2442,129.2139,35.33,27,100,5.95,overcast clouds
170,Saldanha,ZA,-33.0117,17.9442,77.05,71,0,26.22,clear sky
171,Prince Rupert,CA,54.3161,-130.3201,44.69,76,100,16.11,overcast clouds
172,Geraldton,AU,-28.7667,114.6,75.61,78,16,14.97,few clouds
173,Mackenzie,CA,55.2999,-123.1698,23.22,74,75,5.75,broken clouds
174,Vao,NC,-22.6667,167.4833,78.98,84,100,21.77,overcast clouds
175,Labuan,MY,5.2767,115.2417,77.16,100,20,0.0,few clouds
176,Nambour,AU,-26.6333,152.95,76.87,93,46,1.99,scattered clouds
177,Dukat,RU,62.55,155.55,-5.37,99,100,6.15,overcast clouds
178,Marfino,RU,55.7028,37.3822,21.45,85,75,8.95,snow
179,Sarangani,PH,5.4033,125.4636,81.93,77,77,16.42,broken clouds
180,Katsina,NG,12.9894,7.6006,82.18,13,13,17.02,few clouds
181,Manicore,BR,-5.8092,-61.3003,74.28,97,100,2.39,overcast clouds
182,Hambantota,LK,6.1241,81.1185,78.58,82,38,10.92,scattered clouds
183,Mayo,US,38.8876,-76.5119,38.95,68,100,3.0,overcast clouds
184,Zhicheng,CN,30.2956,111.5047,32.58,95,70,2.84,broken clouds
185,Veshenskaya,RU,49.6303,41.7334,14.38,95,90,8.16,overcast clouds
186,Shirvan,AZ,39.9509,48.8994,40.35,73,39,10.45,scattered clouds
187,Gobabis,NA,-22.45,18.9667,90.34,23,77,17.18,broken clouds
188,Albanel,CA,48.8832,-72.4487,-9.26,64,9,9.22,clear sky
189,Bay Roberts,CA,47.5999,-53.2648,26.15,75,98,4.0,overcast clouds
190,Narsaq,GL,60.9167,-46.05,10.62,67,77,8.68,broken clouds
191,Oksovskiy,RU,62.6062,39.8984,17.67,95,100,5.73,overcast clouds
192,Kabare,CD,-2.4683,28.8242,71.73,75,40,3.13,light rain
193,Ayan,RU,56.45,138.1667,-11.78,78,14,11.1,few clouds
194,Santa Cruz,BO,-17.8,-63.1667,80.06,69,75,17.27,broken clouds
195,Chakulia,IN,22.4833,86.7167,61.79,43,12,5.01,few clouds
196,Kogon,UZ,39.7228,64.5517,46.44,66,100,18.41,overcast clouds
197,Bend,US,44.0582,-121.3153,34.61,84,0,1.01,clear sky
198,Tabou,CI,4.423,-7.3528,85.75,59,47,9.53,scattered clouds
199,Evensk,RU,61.95,159.2333,18.48,83,100,29.59,light snow
200,Aklavik,CA,68.2191,-135.0107,-16.6,76,0,3.44,clear sky
201,Kalmunai,LK,7.4167,81.8167,78.06,81,52,7.27,broken clouds
202,Ponta Do Sol,PT,32.6667,-17.1,67.71,63,17,9.42,few clouds
203,Delta,NG,5.5,6.0,100.71,12,56,4.94,broken clouds
204,Cayenne,GF,4.9333,-52.3333,82.44,65,100,8.05,overcast clouds
205,Teguise,ES,29.0605,-13.564,62.82,63,40,14.97,scattered clouds
206,Labuhan,ID,-6.8844,112.2051,78.71,86,100,6.96,light rain
207,Balod,IN,20.73,81.2047,58.44,37,12,3.24,few clouds
208,Kinston,US,35.2627,-77.5816,40.6,64,0,3.44,clear sky
209,Motygino,RU,58.1831,94.7592,-9.0,100,92,2.84,overcast clouds
210,Kongolo,CD,-5.3833,27.0,79.56,87,64,1.23,moderate rain
211,Kalevala,RU,65.2,31.1667,2.57,99,93,2.91,overcast clouds
212,Lompoc,US,34.6391,-120.4579,57.13,73,0,9.22,clear sky
213,Trairi,BR,-3.2778,-39.2689,75.92,89,97,6.76,light rain
214,Aswan,EG,24.0934,32.907,60.75,25,46,13.24,scattered clouds
215,Sabaudia,IT,41.3003,13.0282,59.04,67,94,15.17,overcast clouds
216,Cherskiy,RU,68.75,161.3,-22.29,95,89,1.3,overcast clouds
217,Portoferraio,IT,42.8115,10.3146,60.1,76,75,9.22,broken clouds
218,Palmer,US,42.1584,-72.3287,32.72,52,100,4.61,overcast clouds
219,Gornyye Klyuchi,RU,45.25,133.5,4.19,91,100,7.76,overcast clouds
220,Honningsvag,NO,70.9821,25.9704,26.35,63,75,6.91,broken clouds
221,Eureka,US,40.8021,-124.1637,36.79,59,79,5.77,broken clouds
222,Broome,US,42.2506,-75.833,28.45,78,100,3.0,light snow
223,Bambous Virieux,MU,-20.3428,57.7575,80.85,74,75,4.61,broken clouds
224,Henties Bay,NA,-22.116,14.2845,67.86,77,47,15.82,scattered clouds
225,San Carlos,VE,9.6612,-68.5827,89.71,37,65,2.46,broken clouds
226,Tyup,KG,42.7276,78.3648,13.89,70,94,4.05,overcast clouds
227,Deputatskiy,RU,69.3,139.9,-27.56,91,66,3.8,broken clouds
228,Nakusp,CA,50.2499,-117.8023,23.34,80,100,3.44,overcast clouds
229,Korla,CN,41.7597,86.1469,24.73,56,0,1.34,clear sky
230,Matadi,CD,-5.8167,13.45,89.04,57,100,3.91,overcast clouds
231,Tuatapere,NZ,-46.1333,167.6833,49.82,89,100,3.24,overcast clouds
232,Sioux Lookout,CA,50.1001,-91.917,-5.42,77,100,3.44,overcast clouds
233,Huambo,AO,-12.7761,15.7392,75.0,64,75,5.75,broken clouds
234,Inirida,CO,3.8653,-67.9239,88.65,52,91,3.42,overcast clouds
235,Akyab,MM,20.15,92.9,69.04,54,31,16.91,scattered clouds
236,Raudeberg,NO,61.9875,5.1352,39.2,92,100,8.01,light rain
237,Eraniel,IN,8.2,77.3,83.55,71,41,9.71,scattered clouds
238,Dingle,PH,10.9995,122.6711,76.48,88,88,5.37,overcast clouds
239,Nouadhibou,MR,20.931,-17.0347,71.58,43,100,18.41,overcast clouds
240,Te Anau,NZ,-45.4167,167.7167,48.85,93,79,1.92,broken clouds
241,Lasa,IT,46.6166,10.7002,48.11,78,14,8.39,few clouds
242,Severo-Kurilsk,RU,50.6789,156.125,23.07,73,100,34.74,overcast clouds
243,Durusu,TR,41.3053,28.6767,46.38,76,65,8.01,broken clouds
244,Constitucion,CL,-35.3333,-72.4167,67.24,69,67,8.66,broken clouds
245,Registro,BR,-24.4875,-47.8436,71.53,96,100,3.36,overcast clouds
246,Qasigiannguit,GL,68.8193,-51.1922,16.05,68,100,10.09,overcast clouds
247,Naryan-Mar,RU,67.6713,53.087,9.39,93,100,8.93,overcast clouds
248,Itambe,BR,-15.245,-40.6244,84.7,55,63,3.91,broken clouds
249,Konyshevka,RU,51.8418,35.2941,28.27,96,99,10.83,light snow
250,Northam,GB,51.0333,-4.2167,50.72,97,100,14.12,overcast clouds
251,Port Moresby,PG,-9.4431,147.1797,76.42,100,20,5.75,few clouds
252,Sistranda,NO,63.7256,8.834,38.89,83,100,34.72,overcast clouds
253,Pangnirtung,CA,66.1451,-65.7125,-11.2,64,75,4.61,broken clouds
254,Lebu,CL,-37.6167,-73.65,65.46,78,29,7.34,scattered clouds
255,Kaduqli,SD,11.0167,29.7167,83.03,10,70,12.01,broken clouds
256,Guerrero Negro,MX,27.9769,-114.0611,59.0,43,36,2.51,scattered clouds
257,Rawlins,US,41.7911,-107.2387,25.02,45,0,3.44,clear sky
258,Okhotsk,RU,59.3833,143.3,7.75,77,100,19.26,overcast clouds
259,Bani,DO,18.2833,-70.3333,83.64,56,2,6.58,clear sky
260,Amberley,US,39.2048,-84.428,30.43,89,100,1.01,mist
261,Pitimbu,BR,-7.4706,-34.8086,86.59,62,38,9.37,scattered clouds
262,Lagoa,PT,39.05,-27.9833,57.9,63,81,15.86,broken clouds
263,Eyl,SO,7.9803,49.8164,75.79,66,64,23.6,broken clouds
264,Tessalit,ML,20.1986,1.0114,79.99,9,4,10.94,clear sky
265,Sao Filipe,CV,14.8961,-24.4956,73.04,66,100,9.71,overcast clouds
266,Mareeba,AU,-17.0,145.4333,73.44,96,100,5.55,moderate rain
267,Egvekinot,RU,66.3167,-179.1667,-3.44,92,37,4.34,scattered clouds
268,Dudinka,RU,69.4058,86.1778,4.62,92,100,22.55,overcast clouds
269,Civitavecchia,IT,42.0933,11.7967,58.64,75,92,5.97,overcast clouds
270,Hasaki,JP,35.7333,140.8333,32.4,52,99,11.74,overcast clouds
271,Merauke,ID,-8.4667,140.3333,81.7,83,100,11.61,overcast clouds
272,Krasnyy Chikoy,RU,50.3643,108.7512,-14.75,100,60,0.69,broken clouds
273,Okha,RU,53.5739,142.9478,-17.16,97,16,8.63,few clouds
274,Lima,PE,-12.0432,-77.0282,71.85,68,0,9.22,clear sky
275,Faya,SA,18.3851,42.4509,60.91,59,2,6.82,clear sky
276,Itoman,JP,26.1247,127.6694,66.22,72,75,6.91,broken clouds
277,Mayma,RU,52.0197,85.9114,-0.11,93,17,5.55,few clouds
278,Juneau,US,58.3019,-134.4197,42.22,94,100,4.0,light rain
279,Emborion,GR,40.4833,21.55,44.96,72,10,6.15,clear sky
280,Cuiluan,CN,47.72,128.648,-9.38,98,46,4.97,scattered clouds
281,Comodoro Rivadavia,AR,-45.8667,-67.5,66.06,72,0,16.11,clear sky
282,Loikaw,MM,19.6742,97.2094,60.26,56,19,3.96,few clouds
283,Bokhan,RU,53.153,103.7714,-15.38,100,95,2.15,overcast clouds
284,Kasongo-Lunda,CD,-6.4667,16.8167,86.88,52,99,4.25,overcast clouds
285,Ampanihy,MG,-24.7,44.75,90.36,32,0,13.42,clear sky
286,Najran,SA,17.4924,44.1277,70.45,13,0,11.72,clear sky
287,Bonfim,BR,3.0833,-59.95,89.1,42,7,8.75,clear sky
288,Independencia,BR,-5.3964,-40.3086,81.73,61,99,3.89,overcast clouds
289,Dabat,ET,12.9842,37.765,63.23,41,36,8.79,scattered clouds
290,Hamilton,US,39.1834,-84.5333,31.12,90,100,1.99,mist
291,Sabha,LY,27.0377,14.4283,57.15,29,100,6.87,overcast clouds
292,Loukhi,RU,66.0764,33.0381,7.72,98,96,2.55,overcast clouds
293,Saint-Pierre,RE,-21.3393,55.4781,80.28,69,100,12.66,overcast clouds
294,Khotynets,RU,53.1286,35.3966,29.73,97,99,9.64,light snow
295,Puerto Colombia,CO,10.9878,-74.9547,82.49,66,7,9.73,clear sky
296,Boende,CD,-0.2167,20.8667,92.01,34,100,2.91,overcast clouds
297,Dalby,AU,-27.1833,151.2667,67.98,85,0,1.01,clear sky
298,Bontang,ID,0.1333,117.5,74.97,90,99,3.74,overcast clouds
299,Poya,NC,-21.35,165.15,76.69,89,100,7.09,heavy intensity rain
300,Barreirinhas,BR,-2.7469,-42.8264,74.61,90,100,7.76,overcast clouds
301,Gorlice,PL,49.6556,21.1604,37.27,98,100,14.79,light snow
302,Aripuana,BR,-9.1667,-60.6333,82.8,71,99,4.05,overcast clouds
303,Lazaro Cardenas,MX,17.9583,-102.2,75.79,69,87,3.4,overcast clouds
304,Honiton,GB,50.7996,-3.189,50.86,88,75,1.99,broken clouds
305,Pasighat,IN,28.0667,95.3333,54.63,72,0,4.94,clear sky
306,Abong Mbang,CM,3.9833,13.1833,94.86,13,27,4.52,scattered clouds
307,Coquimbo,CL,-29.9533,-71.3436,67.73,68,20,11.5,few clouds
308,Myitkyina,MM,25.3833,97.4,55.8,93,1,2.57,clear sky
309,Dorado,PR,18.4588,-66.2677,83.03,74,40,11.5,scattered clouds
310,Cabinda,AO,-5.55,12.2,84.34,79,20,6.91,few clouds
311,Tasiilaq,GL,65.6145,-37.6368,17.76,64,1,7.4,clear sky
312,Iqaluit,CA,63.7506,-68.5145,-4.27,76,75,0.0,light snow
313,Moron,AR,-34.6534,-58.6198,75.09,55,2,5.91,clear sky
314,Neiafu,TO,-18.65,-173.9833,82.78,76,79,21.41,light rain
315,Soyo,AO,-6.1349,12.3689,84.25,72,100,11.03,overcast clouds
316,Jabinyanah,TN,35.035,10.9081,62.4,39,0,5.77,clear sky
317,Yuanping,CN,38.7153,112.7575,29.1,42,100,1.97,overcast clouds
318,Hami,CN,42.8,93.45,25.11,46,0,3.22,clear sky
319,Tigzirt,DZ,36.8886,4.1198,57.54,55,1,4.59,clear sky
320,Riverbank,US,37.736,-120.9355,51.19,100,0,0.0,mist
321,Cape Canaveral,US,28.4058,-80.6048,62.67,97,100,10.36,overcast clouds
322,Haines Junction,CA,60.7522,-137.5108,21.15,73,100,4.61,overcast clouds
323,Grevena,GR,40.0845,21.4274,49.39,58,19,2.93,few clouds
324,Klaksvik,FO,62.2266,-6.589,49.12,92,100,35.39,overcast clouds
325,Kuli,RU,42.0185,47.2434,23.34,81,17,7.2,few clouds
326,Vila Velha,BR,-20.3297,-40.2925,91.35,61,40,10.0,scattered clouds
327,Manokwari,ID,-0.8667,134.0833,78.66,81,86,3.67,overcast clouds
328,Kortkeros,RU,61.8106,51.5806,12.2,94,100,7.0,overcast clouds
329,Gizo,SB,-8.103,156.8419,80.4,76,100,7.07,overcast clouds
330,Bathsheba,BB,13.2167,-59.5167,74.01,78,75,12.66,broken clouds
331,Vanavara,RU,60.34,102.2797,-14.33,100,87,3.02,overcast clouds
332,Molteno,ZA,-31.3968,26.3625,72.55,55,73,22.06,broken clouds
333,Ilulissat,GL,69.2167,-51.1,15.82,48,75,33.38,broken clouds
334,Vila Franca Do Campo,PT,37.7167,-25.4333,62.2,68,70,9.46,broken clouds
335,Marzuq,YE,14.4,46.4667,74.64,25,89,7.29,overcast clouds
336,Airai,TL,-8.9266,125.4092,60.44,93,100,3.24,overcast clouds
337,Nome,US,64.5011,-165.4064,-18.33,76,0,0.0,clear sky
338,Vestmanna,FO,62.1564,-7.1664,47.32,93,100,25.32,mist
339,Lagos,NG,6.5833,3.75,97.12,19,95,8.19,overcast clouds
340,Yanam,IN,16.7333,82.2167,69.33,86,10,4.34,clear sky
341,Marienburg,PL,54.0359,19.0266,35.85,69,100,20.13,overcast clouds
342,Vostok,RU,46.4856,135.8833,-2.16,97,100,6.06,overcast clouds
343,Shah Alam,MY,3.0851,101.5328,77.7,87,20,0.0,few clouds
344,Porto Belo,BR,-27.1578,-48.5531,72.97,91,100,14.14,overcast clouds
345,Koulamoutou,GA,-1.1303,12.4736,86.95,51,78,3.15,broken clouds
346,Pindiga,NG,9.9833,10.9333,79.9,16,93,10.45,overcast clouds
347,Saint-Louis,SN,16.3333,-15.0,87.44,14,38,8.01,scattered clouds
348,Bubaque,GW,11.2833,-15.8333,79.05,42,95,1.74,overcast clouds
349,Huilong,CN,31.8111,121.655,39.92,80,100,10.11,light rain
350,Samarai,PG,-10.6167,150.6667,80.67,77,100,8.1,overcast clouds
351,Caaguazu,PY,-25.45,-56.0167,82.29,54,91,5.06,overcast clouds
352,Kindu,CD,-2.95,25.95,74.17,86,95,5.23,light rain
353,Chermoz,RU,58.787,56.1489,-2.97,99,40,5.68,scattered clouds
354,Denizli,TR,37.8402,29.0698,32.85,87,4,1.86,clear sky
355,Westport,US,41.1415,-73.3579,34.32,64,100,1.01,overcast clouds
356,Kamenka,RU,51.3223,42.7678,14.76,96,88,8.12,overcast clouds
357,Pryozerne,UA,45.2698,36.3303,38.88,80,99,12.64,overcast clouds
358,Port Hardy,CA,50.6996,-127.4199,45.75,81,75,5.75,broken clouds
359,La Primavera,CO,5.4906,-70.4092,89.49,33,97,12.77,overcast clouds
360,Tura,IN,25.5198,90.2201,51.04,56,1,2.55,clear sky
361,Veraval,IN,20.9,70.3667,70.65,54,0,2.64,clear sky
362,Novoorsk,RU,51.381,58.9813,9.25,88,100,8.3,overcast clouds
363,Beringovskiy,RU,63.05,179.3167,-6.68,94,79,2.48,broken clouds
364,Icod De Los Vinos,ES,28.3724,-16.7119,65.37,66,54,5.19,broken clouds
365,Sobolevo,RU,54.4299,31.8996,31.5,97,100,8.37,light snow
366,Murgab,TM,37.4966,61.9714,46.27,61,100,11.5,overcast clouds
367,Ladario,BR,-19.0047,-57.6017,87.89,70,75,5.75,broken clouds
368,Lebedinyy,RU,58.5167,125.5167,-10.61,100,100,3.83,light snow
369,Shelburne,CA,44.0787,-80.2041,2.19,84,71,9.42,broken clouds
370,Karratha,AU,-20.7377,116.8463,80.37,69,6,19.08,clear sky
371,Beisfjord,NO,68.3751,17.5988,26.04,95,100,4.03,light snow
372,Emerald,AU,-23.5333,148.1667,75.34,62,9,11.34,clear sky
373,Kahului,US,20.8947,-156.47,67.26,82,0,0.0,clear sky
374,Oyama,JP,36.3,139.8,44.58,47,64,3.2,broken clouds
375,San Cristobal,VE,7.7669,-72.225,69.98,56,77,2.39,broken clouds
376,Hastings,GB,50.8552,0.5729,50.0,82,100,15.05,overcast clouds
377,Kandrian,PG,-6.2167,149.55,78.89,83,98,3.38,light rain
378,Ugoofaaru,MV,5.6667,73.0,81.59,69,21,18.88,few clouds
379,Camacha,PT,33.0833,-16.3333,61.56,72,20,10.36,few clouds
380,Accrington,GB,53.7538,-2.3586,49.86,94,100,5.99,overcast clouds
381,Bowen,AU,-20.0167,148.2333,77.22,82,99,12.3,overcast clouds
382,Hondo,JP,32.45,130.2,45.95,59,99,7.14,overcast clouds
383,Alta Floresta,BR,-9.8756,-56.0861,85.82,70,40,6.91,scattered clouds
384,Luderitz,NA,-26.6481,15.1594,75.87,51,0,33.93,clear sky
385,Pathein,MM,16.7833,94.7333,71.13,71,6,7.7,clear sky
386,Auki,SB,-8.7676,160.7034,77.74,86,100,6.69,heavy intensity rain
387,Mackay,AU,-21.15,149.2,78.78,78,100,13.8,overcast clouds
388,Victoria,HK,22.2855,114.1577,66.38,87,84,4.0,broken clouds
389,Karaton,ID,-6.3424,106.1045,79.95,88,100,1.83,overcast clouds
390,Karoi,ZW,-16.8099,29.6925,66.54,95,100,6.26,overcast clouds
391,Kita,ML,13.0349,-9.4895,99.7,7,12,3.02,few clouds
392,Virginia Beach,US,36.8529,-75.978,45.05,66,75,1.01,broken clouds
393,Fuyang,CN,32.9,115.8167,34.56,75,99,0.34,overcast clouds
394,Dauphin,CA,51.1494,-100.0502,5.14,85,100,6.91,overcast clouds
395,Saint-Augustin,CA,51.226,-58.6502,24.39,94,100,14.88,snow
396,Mastic Beach,US,40.7668,-72.8521,35.02,63,100,3.0,overcast clouds
397,Marsassoum,SN,12.8275,-15.9806,91.49,11,55,5.97,broken clouds
398,Adrar,MR,20.5022,-10.0711,85.77,7,86,10.92,overcast clouds
399,Vermilion,US,40.1667,-87.7506,24.31,86,100,5.99,overcast clouds
400,San Quintin,MX,30.4833,-115.95,57.24,50,91,1.43,overcast clouds
401,Waipawa,NZ,-41.4122,175.5153,52.43,78,99,4.34,overcast clouds
402,Zheleznodorozhnyy,RU,55.7503,38.0042,21.72,95,100,11.27,snow
403,Sorong,ID,-0.8833,131.25,81.37,81,73,12.28,broken clouds
404,Le Port,RE,-20.9373,55.2919,80.6,80,84,4.85,broken clouds
405,Inuvik,CA,68.3499,-133.7218,-16.56,76,0,1.14,clear sky
406,Carballo,ES,43.213,-8.691,64.58,60,0,6.15,clear sky
407,Manitouwadge,CA,49.1215,-85.8403,-7.44,92,50,4.81,scattered clouds
408,Itaituba,BR,-4.2761,-55.9836,80.76,89,40,0.0,moderate rain
409,Aragarcas,BR,-15.8975,-52.2508,84.85,65,75,0.0,broken clouds
410,Finschhafen,PG,-6.6024,147.8681,80.58,85,100,8.9,overcast clouds
411,Tiksi,RU,71.6872,128.8694,-4.34,98,100,7.81,overcast clouds
412,Ahipara,NZ,-35.1667,173.1667,60.82,80,26,7.49,scattered clouds
413,Touros,BR,-5.1989,-35.4608,83.3,61,68,8.08,broken clouds
414,San Pedro,PH,14.35,121.0167,81.63,79,75,4.61,broken clouds
415,Rajgarh,IN,28.6333,75.3833,59.77,29,0,4.65,clear sky
416,Padang,ID,-0.9492,100.3543,78.85,86,92,3.36,overcast clouds
417,Sandorfalva,HU,46.3609,20.0989,44.15,57,38,19.44,scattered clouds
418,West Wendover,US,40.7391,-114.0733,23.79,55,0,1.97,clear sky
419,Novyy Urengoy,RU,66.0833,76.6333,3.58,96,95,7.87,overcast clouds
420,Pacific Grove,US,36.6177,-121.9166,54.43,47,0,1.99,clear sky
421,Alekseyevka,RU,50.6309,38.6903,26.56,95,100,13.73,snow
422,Kruisfontein,ZA,-34.0033,24.7314,72.88,66,17,18.12,few clouds
423,Singaparna,ID,-7.3515,108.111,73.08,94,100,2.15,overcast clouds
424,Orvieto,IT,42.7195,12.1116,55.31,66,79,1.99,broken clouds
425,Abu Dhabi,AE,24.4667,54.3667,69.91,80,20,12.66,few clouds
426,Boyolangu,ID,-8.1181,111.8935,76.57,89,100,1.23,overcast clouds
427,Omsukchan,RU,62.5333,155.8,-3.44,97,100,7.29,overcast clouds
428,Pak Phanang,TH,8.3511,100.202,78.94,78,70,4.47,broken clouds
429,Xingcheng,CN,40.6167,120.7167,21.56,48,10,4.0,clear sky
430,Tonj,SS,7.2737,28.6822,91.13,13,70,10.02,broken clouds
431,Suntar,RU,62.1444,117.6319,-4.74,91,25,8.9,scattered clouds
432,Barcelos,PT,41.5388,-8.6151,64.92,33,0,6.4,clear sky
433,Christchurch,NZ,-43.5333,172.6333,60.01,84,99,1.99,overcast clouds
434,Lata,PT,40.1629,-8.3327,64.06,28,0,7.43,clear sky
435,Coihaique,CL,-45.5752,-72.0662,77.61,36,0,4.61,clear sky
436,Lipari,IT,38.4674,14.954,56.73,68,99,13.69,overcast clouds
437,Vilhena,BR,-12.7406,-60.1458,80.82,69,75,4.61,broken clouds
438,El Campo,US,29.1966,-96.2697,48.78,61,100,13.8,overcast clouds
439,Belaya Gora,RU,68.5333,146.4167,-32.35,98,95,2.44,overcast clouds
440,Cabadiangan,PH,9.7531,122.4739,78.73,85,100,1.9,overcast clouds
441,Kalabo,ZM,-14.97,22.6814,67.95,86,99,10.51,overcast clouds
442,Tautira,PF,-17.7333,-149.15,75.22,75,53,14.74,light rain
443,Cururupu,BR,-1.8283,-44.8683,76.64,92,100,5.44,light rain
444,Olbia,IT,40.9214,9.4856,57.25,62,0,9.22,clear sky
445,Burnie,AU,-41.0667,145.9167,61.95,85,9,6.2,clear sky
446,Camrose,CA,53.0168,-112.8353,24.53,74,100,6.93,overcast clouds
447,Darnah,LY,32.767,22.6367,57.07,65,6,18.23,clear sky
448,Nador,MA,35.174,-2.9287,61.05,67,20,8.05,few clouds
449,Norrkoping,SE,58.5942,16.1826,35.58,47,0,12.66,clear sky
450,Yumen,CN,40.2833,97.2,23.14,36,0,5.61,clear sky
451,Sisimiut,GL,66.9395,-53.6735,16.47,61,100,22.03,overcast clouds
452,Shenjiamen,CN,29.9576,122.298,41.97,93,100,16.06,light rain
453,Kieta,PG,-6.2167,155.6333,79.27,79,100,4.68,overcast clouds
454,Suining,CN,30.508,105.5733,40.15,90,100,1.25,overcast clouds
455,Gusau,NG,12.1628,6.6614,86.68,13,53,15.55,broken clouds
456,Waingapu,ID,-9.6567,120.2641,79.5,83,100,7.07,overcast clouds
457,Chifeng,CN,42.2683,118.9636,14.77,46,0,4.63,clear sky
458,Ayagoz,KZ,47.9714,80.4392,-6.41,91,3,8.1,clear sky
459,Dharchula,IN,29.85,80.5333,43.7,45,0,7.67,clear sky
460,Lamu,KE,-2.2717,40.902,80.82,81,67,15.12,broken clouds
461,Lazarev,RU,52.225,141.5131,-20.24,95,22,2.1,few clouds
462,Punta Alta,AR,-38.8759,-62.0736,81.61,31,0,8.63,clear sky
463,Voyvozh,RU,62.892,54.9635,3.51,95,100,7.27,overcast clouds
464,Laguna,US,38.421,-121.4238,49.21,95,0,0.0,clear sky
465,Yatou,CN,37.15,122.3833,29.7,59,100,9.69,overcast clouds
466,Eenhana,NA,-17.4667,16.3333,92.95,27,92,6.89,overcast clouds
467,Myanaung,MM,18.2833,95.3167,71.1,51,7,6.85,clear sky
468,Luena,AO,-11.7833,19.9167,77.18,73,0,9.22,clear sky
469,Naberera,TZ,-4.2,36.9333,76.86,49,98,2.28,overcast clouds
470,Kamina,CD,-8.7386,24.9906,75.74,73,56,4.99,light rain
471,Bahia Blanca,AR,-38.7196,-62.2724,84.11,23,0,10.0,clear sky
472,Luziania,BR,-16.2525,-47.9503,82.98,63,100,3.71,overcast clouds
473,Mamallapuram,IN,12.6264,80.1722,80.06,73,97,13.29,overcast clouds
474,Lukiv,UA,51.0521,25.4006,35.19,97,100,19.8,light snow
475,Tilichiki,RU,60.4667,166.1,23.36,78,99,26.15,overcast clouds
476,Sao Sebastiao,BR,-23.76,-45.4097,79.79,86,100,4.07,overcast clouds
477,Kabo,CF,7.6994,18.629,95.32,11,18,7.87,few clouds
478,Point Pleasant,US,40.0832,-74.0682,33.98,64,100,1.99,overcast clouds
479,Dabakala,CI,8.3667,-4.4333,98.38,11,11,5.57,few clouds
480,Kochetok,UA,49.8801,36.7372,30.24,98,100,14.25,light snow
481,Itarema,BR,-2.9248,-39.9167,76.73,84,100,9.48,overcast clouds
482,Alofi,NU,-19.0595,-169.9187,76.89,88,18,3.44,few clouds
483,Zhezkazgan,KZ,47.8043,67.7144,12.13,79,98,12.57,overcast clouds
484,Miraflores,MX,19.2167,-98.8083,60.87,57,2,0.6,clear sky
485,Corn Island,NI,12.1694,-83.0418,80.06,67,19,12.37,few clouds
486,Brae,GB,60.3964,-1.353,44.51,95,100,31.79,overcast clouds
487,Big Spring,US,32.2504,-101.4787,34.54,69,0,3.0,clear sky
488,Kyra,RU,49.5776,111.9753,-7.58,97,5,4.36,clear sky
489,Moose Factory,CA,51.2585,-80.6094,-16.6,69,0,9.22,clear sky
490,Keita,NE,14.7551,5.7749,84.2,11,5,19.37,clear sky
491,Qurayyat,SA,31.3318,37.3428,51.98,50,75,6.91,broken clouds
492,Rio Cuarto,AR,-33.1307,-64.3499,78.67,49,0,16.11,clear sky
493,Yeppoon,AU,-23.1333,150.7333,73.18,79,73,15.73,broken clouds
494,Lakki Marwat,PK,32.6079,70.9114,55.8,40,0,2.71,clear sky
495,Macau,MO,22.2006,113.5461,66.13,82,40,9.22,scattered clouds
496,Khandyga,RU,62.6667,135.6,-35.77,97,83,2.57,broken clouds
497,Bayir,TR,37.2687,28.2167,43.32,64,0,3.13,clear sky
498,Rorvik,NO,64.8621,11.2373,35.71,93,75,19.57,sleet
499,Ron,IN,15.6667,75.7333,72.0,40,6,9.71,clear sky
500,Kisesa,TZ,-3.0833,34.15,74.32,62,76,6.98,broken clouds
501,Umm Kaddadah,SD,13.6017,26.6876,72.81,10,26,16.69,scattered clouds
502,San Jose Del Guaviare,CO,2.5729,-72.6459,90.3,29,65,8.23,broken clouds
503,Latung,PH,5.5,120.8833,83.41,74,94,7.2,overcast clouds
504,Astana,KZ,51.1801,71.446,-0.45,85,100,8.95,mist
505,Anadyr,RU,64.75,177.4833,-3.5,84,0,4.47,clear sky
506,Tateyama,JP,34.9833,139.8667,43.11,57,63,14.45,broken clouds
507,Aguada De Pasajeros,CU,22.385,-80.8508,78.94,64,1,4.38,clear sky
508,Lafia,NG,8.4833,8.5167,96.28,11,37,9.98,scattered clouds
509,Macklin,CA,52.3334,-109.9348,18.73,83,89,6.89,overcast clouds
510,Werda,BW,-25.2667,23.2833,87.31,35,87,6.93,overcast clouds
511,Sovetskiy,RU,61.3614,63.5842,-8.09,100,75,2.68,broken clouds
512,Evanston,US,42.0411,-87.6901,20.01,86,100,1.01,light snow
513,Maniwaki,CA,46.3834,-75.966,-3.46,80,10,7.02,clear sky
514,Pangai,TO,-19.8,-174.35,83.07,76,100,19.95,light rain
515,Lavrentiya,RU,65.5833,-171.0,-11.34,99,8,3.76,clear sky
516,Viedma,AR,-40.8135,-62.9967,88.36,20,0,19.06,clear sky
517,Linhares,BR,-19.3911,-40.0722,90.97,46,20,7.83,few clouds
518,Yulara,AU,-25.2406,130.9889,84.04,48,75,13.8,broken clouds
519,Belmonte,BR,-15.8631,-38.8828,84.7,63,37,8.14,scattered clouds
520,Mbandaka,CD,0.0487,18.2603,91.09,29,80,4.07,broken clouds
521,Tevaitoa,PF,-16.7833,-151.5,80.98,73,8,18.07,light rain
522,Chabahar,IR,25.2919,60.643,71.37,60,0,10.65,clear sky
523,Queanbeyan,AU,-35.35,149.2333,72.66,91,75,2.3,broken clouds
524,Buchanan,LR,5.8808,-10.0467,91.36,66,74,12.66,broken clouds
525,Kardymovo,RU,54.8902,32.4311,31.87,98,100,7.61,light snow
526,Dawson Creek,CA,55.7666,-120.2362,40.64,33,20,10.36,few clouds
527,Preston,GB,53.7667,-2.7167,52.74,91,75,1.01,broken clouds
528,Poum,NC,-20.2333,164.0167,81.64,80,68,25.84,broken clouds
529,Otukpo,NG,7.1913,8.1329,96.58,10,64,9.01,broken clouds
530,Los Llanos De Aridane,ES,28.6585,-17.9182,62.35,87,40,1.99,scattered clouds
531,Namatanai,PG,-3.6667,152.4333,79.0,84,95,2.68,light rain
532,Nouakchott,MR,18.0858,-15.9785,76.93,44,91,13.71,overcast clouds
533,Upernavik,GL,72.7868,-56.1549,-4.99,69,100,9.95,overcast clouds
534,Erzin,TR,36.9559,36.2,48.72,82,97,6.02,overcast clouds
535,Madisonville,US,37.3281,-87.4989,35.65,66,67,8.99,broken clouds
536,La Ronge,CA,55.1001,-105.2842,-3.75,84,100,1.14,overcast clouds
537,Zhigansk,RU,66.7697,123.3711,-19.95,95,79,12.41,broken clouds
538,Vardo,NO,70.3705,31.1107,29.95,93,100,4.61,light snow
539,Namibe,AO,-15.1961,12.1522,81.23,65,20,11.5,few clouds
540,Santa Maria,BR,-29.6842,-53.8069,76.3,61,75,17.27,broken clouds
541,Rio Grande,BR,-32.035,-52.0986,77.11,46,49,11.92,scattered clouds
542,Cap-Aux-Meules,CA,47.3821,-61.8597,26.65,86,100,16.11,overcast clouds
543,Lapas,GR,38.1,21.4167,55.42,62,20,3.44,few clouds
544,Ozerna,UA,49.6289,25.329,31.46,98,100,21.74,snow
545,Guadalupe Y Calvo,MX,26.1,-106.9667,51.28,29,22,4.41,few clouds
546,Bodh Gaya,IN,24.7,84.9833,53.49,87,0,0.0,mist
547,Colac,AU,-38.3333,143.5833,63.16,93,58,5.19,broken clouds
548,Ta Khmau,KH,11.4833,104.95,80.65,83,20,6.91,few clouds
549,Monrovia,LR,6.3005,-10.7969,91.17,62,86,13.6,overcast clouds
550,North Bend,US,43.4065,-124.2243,37.85,100,0,8.05,clear sky
551,Kulhudhuffushi,MV,6.6221,73.07,81.61,72,7,20.45,clear sky
552,Ust-Nera,RU,64.5667,143.2,-10.14,94,100,2.15,overcast clouds
553,Ambilobe,MG,-13.2,49.05,75.16,88,100,2.57,light rain
554,Buala,SB,-8.145,159.5921,79.39,81,100,8.34,overcast clouds
555,Andenes,NO,69.3143,16.1194,28.38,50,20,13.8,few clouds
556,Port-Gentil,GA,-0.7193,8.7815,87.76,70,40,6.91,scattered clouds
557,Acarau,BR,-2.8856,-40.12,76.37,85,100,9.95,light rain
558,Carutapera,BR,-1.195,-46.02,75.2,94,100,6.85,overcast clouds
559,Bandarbeyla,SO,9.4942,50.8122,75.97,67,53,24.16,broken clouds
560,Iralaya,HN,15.0,-83.2333,78.89,75,60,4.65,broken clouds
561,Fare,PF,-16.7,-151.0167,80.46,74,3,17.11,clear sky
562,Taylor,US,32.3001,-99.8337,37.53,76,0,3.0,clear sky
563,Benguela,AO,-12.5763,13.4055,81.34,70,89,8.97,overcast clouds
564,Buraydah,SA,26.326,43.975,55.85,29,99,8.9,overcast clouds
565,Ballina,AU,-28.8667,153.5667,75.16,85,100,6.91,overcast clouds
566,Mpanda,TZ,-6.3655,31.0409,68.54,91,100,3.83,light rain
567,Voi,KE,-3.3945,38.563,83.48,43,89,6.82,overcast clouds
568,Kurilsk,RU,45.2333,147.8833,20.08,56,12,3.67,few clouds
569,Onega,RU,63.9061,38.1404,3.47,100,87,4.18,overcast clouds
570,Thohoyandou,ZA,-22.9456,30.485,76.8,80,58,2.1,light rain
571,Agirish,RU,61.9247,63.0231,-6.16,99,57,3.89,broken clouds
572,Izumo,JP,35.3667,132.7667,40.95,74,94,9.48,overcast clouds
573,Naze,JP,28.3667,129.4833,57.16,75,100,8.48,overcast clouds
574,Llangefni,GB,53.2556,-4.3106,53.65,93,100,24.16,mist
575,Ixtapa,MX,20.7,-105.2,63.63,88,75,4.61,broken clouds
576,Mogadishu,SO,2.0371,45.3438,78.01,77,51,18.77,broken clouds
577,Bafq,IR,31.6128,55.4107,51.24,28,0,10.6,clear sky
578,Panguipulli,CL,-39.6333,-72.3333,64.11,40,0,4.36,clear sky
579,Fairbanks,US,64.8378,-147.7164,6.76,67,100,10.36,light snow
580,Gondanglegi,ID,-7.7479,112.0132,76.15,89,100,1.57,overcast clouds
581,Biak,ID,-0.9131,122.8766,76.42,85,85,3.65,overcast clouds
582,Hoquiam,US,46.9809,-123.8893,36.0,93,0,9.22,clear sky
583,Bonavista,CA,48.6499,-53.1147,24.12,65,100,16.31,overcast clouds
584,Hervey Bay,AU,-25.2986,152.8535,69.91,73,29,12.59,scattered clouds
585,Nara,JP,34.6851,135.8049,37.98,71,73,1.28,broken clouds
586,Inta,RU,66.0317,60.1659,9.79,89,100,12.5,overcast clouds
587,Fuxin,CN,42.0156,121.6589,14.11,52,0,4.61,clear sky
588,Iisalmi,FI,63.5592,27.1907,23.02,94,98,5.48,overcast clouds
589,Vershino-Darasunskiy,RU,52.35,115.5167,-15.03,97,11,4.38,few clouds
590,Breytovo,RU,58.2993,37.8617,20.1,94,100,10.6,light snow
591,Marawi,PH,7.9986,124.2928,67.64,91,81,2.77,broken clouds
592,Pucallpa,PE,-8.3791,-74.5539,86.04,74,75,6.91,broken clouds
593,Benjamin Constant,BR,-4.3831,-70.0311,84.33,83,40,4.61,scattered clouds
594,The Valley,AI,18.217,-63.0578,82.26,65,40,14.97,scattered clouds
595,Lorengau,PG,-2.0226,147.2712,82.13,78,69,10.8,broken clouds
596,La Orilla,MX,17.9833,-102.2333,79.79,59,84,2.59,broken clouds
597,Crixas,BR,-14.5489,-49.9692,80.51,71,100,6.85,overcast clouds
598,Sartell,US,45.6216,-94.2069,-1.32,81,0,1.01,clear sky
599,Mazabuka,ZM,-15.856,27.748,70.23,93,100,4.43,moderate rain
600,Nishihara,JP,26.1842,127.7558,65.48,73,75,6.91,broken clouds
601,Codrington,AU,-38.2667,141.9667,61.83,94,14,10.36,few clouds
602,Ikungi,TZ,-5.1333,34.7667,64.27,92,100,4.36,moderate rain
603,Tulle,FR,45.3333,1.8333,51.55,57,2,3.83,clear sky
604,Aguimes,ES,27.9054,-15.4461,65.03,60,20,13.8,few clouds
605,Mehamn,NO,71.0357,27.8492,31.91,62,100,6.06,overcast clouds
606,Ayna,PE,-12.65,-73.9167,70.3,72,99,4.56,moderate rain
607,Tamandare,BR,-8.7597,-35.1047,85.12,62,53,11.14,broken clouds
608,Vinh Long,VN,10.25,105.9667,75.18,86,91,5.35,overcast clouds
609,Calatayud,ES,41.3535,-1.6432,64.98,37,0,3.18,clear sky
610,Waidhofen,DE,48.5833,11.3333,39.24,86,75,10.36,broken clouds
611,Neuquen,AR,-38.9516,-68.0591,80.49,44,0,0.0,clear sky
612,Corinto,GR,37.9407,22.9573,53.71,69,22,5.86,few clouds
613,Vitim,RU,59.4511,112.5578,-10.89,100,99,3.89,overcast clouds
614,Guaymas,MX,27.9333,-110.9,56.44,54,0,0.0,clear sky
615,Fez,MA,34.0372,-4.9998,64.65,36,75,9.22,broken clouds
616,Shahreza,IR,32.0339,51.8794,39.52,33,0,0.29,clear sky
617,Havre-Saint-Pierre,CA,50.2334,-63.5986,21.2,79,100,13.8,overcast clouds
618,Kutum,SD,14.2,24.6667,65.82,13,19,11.99,few clouds
619,Riyadh,SA,24.6877,46.7219,55.54,28,0,10.56,clear sky
620,San-Pedro,CI,4.7485,-6.6363,85.64,60,23,10.92,few clouds
621,Kirkwood,US,38.5834,-90.4068,27.57,77,100,7.0,light snow
622,Kailua,US,21.4022,-157.7394,68.07,94,40,0.0,scattered clouds
623,Khanpur,PK,28.6453,70.6567,63.3,16,0,6.44,clear sky
624,Sunrise Manor,US,36.2111,-115.0731,47.32,25,0,14.97,clear sky
625,Puerto Madryn,AR,-42.7692,-65.0385,90.27,23,12,6.15,few clouds
626,Harper,LR,4.375,-7.7169,84.65,64,79,12.5,broken clouds
627,Ishinomaki,JP,38.4167,141.3,31.98,73,6,18.79,clear sky
628,Gushikawa,JP,26.3544,127.8686,65.43,88,75,8.05,broken clouds
629,Ribeira Brava,PT,32.65,-17.0667,67.71,64,15,10.38,few clouds
630,Belgrade,RS,44.804,20.4651,40.44,74,0,3.0,clear sky
631,Hearst,CA,49.6835,-83.6665,-9.15,87,77,7.63,broken clouds
632,Edwardsville,US,38.8114,-89.9532,27.68,82,100,5.01,overcast clouds
633,Espana,PH,12.3841,122.499,80.47,82,97,5.61,overcast clouds
634,Kununurra,AU,-15.7667,128.7333,76.98,100,100,1.14,overcast clouds
635,Sangar,RU,63.9242,127.4739,-31.7,100,92,2.06,overcast clouds
636,Santa Vitoria Do Palmar,BR,-33.5189,-53.3681,72.5,57,40,9.71,scattered clouds
637,Vestmannaeyjar,IS,63.4427,-20.2734,34.79,69,75,29.93,broken clouds
638,Matara,LK,5.9485,80.5353,76.75,82,64,1.45,broken clouds
639,Stokmarknes,NO,68.5646,14.9108,27.5,93,75,1.14,broken clouds
640,Hay River,CA,60.8156,-115.7999,13.98,85,100,4.61,light snow
641,Anamur,TR,36.0751,32.8369,51.82,71,55,4.03,broken clouds
642,Port Hueneme,US,34.1478,-119.1951,65.03,12,0,21.85,clear sky
643,Chernyshevskiy,RU,63.0128,112.4714,-14.55,98,65,5.23,broken clouds
644,Krasnovka,RU,48.8177,40.0923,26.22,95,97,12.93,light snow
645,Zhangjiakou,CN,40.81,114.8794,15.96,54,1,4.0,clear sky
646,Dolinsk,RU,47.35,142.8,10.26,95,100,3.65,overcast clouds
647,Shimoda,JP,34.6667,138.95,45.28,64,69,5.86,broken clouds
648,Nemuro,JP,43.3236,145.575,25.68,84,96,8.99,overcast clouds
649,Jinxiang,CN,27.4327,120.6062,47.59,83,100,11.27,overcast clouds
650,Coos Bay,US,43.3665,-124.2179,37.92,100,0,8.05,clear sky
651,Husavik,IS,66.0449,-17.3389,33.71,74,33,18.84,scattered clouds
652,Moanda,GA,-1.5575,13.2178,89.83,47,94,3.27,overcast clouds
653,Necochea,AR,-38.5473,-58.7368,81.03,39,0,2.57,clear sky
654,Kargil,IN,34.5667,76.1,-11.25,84,94,3.83,overcast clouds
655,Amahai,ID,-3.3333,128.9167,79.52,82,93,4.7,overcast clouds
656,Atambua,ID,-9.1061,124.8925,74.95,89,100,3.38,overcast clouds
657,Iquique,CL,-20.2208,-70.1431,73.44,67,25,6.78,scattered clouds
658,Moroni,KM,-11.7022,43.2551,82.4,78,20,6.91,light rain
659,Kindia,GN,10.0569,-12.8658,94.14,17,58,5.82,broken clouds
660,Sambava,MG,-14.2667,50.1667,78.49,78,26,12.19,scattered clouds
661,Kavaratti,IN,10.5669,72.642,81.12,69,39,2.64,scattered clouds
662,Xaxim,BR,-26.9617,-52.5347,68.38,91,100,3.56,overcast clouds
663,Roald,NO,62.5833,6.1333,40.33,81,75,16.11,light intensity drizzle
664,Lexington,US,37.9887,-84.4777,31.42,84,100,0.0,mist
665,Seydi,TM,39.4816,62.9137,40.8,65,38,24.83,scattered clouds
666,Batemans Bay,AU,-35.7167,150.1833,76.19,88,28,4.34,light rain
667,Banyo,CM,6.75,11.8167,85.12,14,79,8.66,broken clouds
668,Skibbereen,IE,51.55,-9.2667,53.4,94,71,15.95,broken clouds
669,Praya,CV,14.9215,-23.5087,75.74,53,75,21.85,broken clouds
670,San Andres,CO,12.5847,-81.7006,82.42,65,20,10.36,few clouds
671,Shubarkuduk,KZ,49.1447,56.4872,19.08,90,100,6.8,overcast clouds
672,Laranjeiras Do Sul,BR,-25.4078,-52.4161,67.19,98,100,2.59,light rain
673,Catio,GW,11.2833,-15.25,89.8,34,100,10.33,overcast clouds
674,Ambunti,PG,-4.2365,142.8448,73.33,99,97,1.28,light rain
675,Kargat,RU,55.1956,80.2811,-4.43,100,96,5.95,overcast clouds
676,Cove,BJ,7.221,2.3402,99.28,10,37,6.04,scattered clouds
677,Qixia,CN,37.2975,120.8256,26.96,57,100,4.68,overcast clouds
678,Mecca,SA,21.4267,39.8261,70.57,39,19,11.7,few clouds
679,Xining,CN,36.6167,101.7667,12.33,81,26,1.25,scattered clouds
680,Saint-Joseph,RE,-21.3667,55.6167,79.18,78,44,11.12,scattered clouds
681,Qinzhou,CN,21.95,108.6167,62.65,74,83,6.33,broken clouds
682,Leiyang,CN,26.4024,112.8591,35.89,92,100,6.15,overcast clouds
683,Falmouth,GB,50.1544,-5.0711,52.7,100,100,9.22,overcast clouds
684,Nizhniy Kuranakh,RU,58.8353,125.4869,-9.0,100,100,4.25,overcast clouds
685,Patiya,BD,22.2931,91.9762,66.15,48,10,0.0,haze
686,Progreso,MX,21.2833,-89.6667,77.11,72,32,8.57,scattered clouds
687,Beloha,MG,-25.1667,45.05,75.52,69,0,16.42,clear sky
688,Saravan,AM,39.7196,45.6483,20.05,96,99,3.38,overcast clouds
689,Lyantonde,UG,-0.4031,31.1572,76.55,36,39,8.14,scattered clouds
690,Cabra,ES,37.4725,-4.4421,65.66,37,42,1.99,scattered clouds
691,Stephenville,US,32.2207,-98.2023,38.17,77,0,8.05,clear sky
692,Wabash,US,40.7978,-85.8205,21.72,80,99,11.39,overcast clouds
693,Belyy Yar,RU,53.6039,91.3903,-10.14,64,20,2.24,smoke
